{"cameraMode":{"drawMode":0,"name":"Shaded","section":"Shading Mode"},"sceneLighting":false,"audioPlay":false,"sceneViewState":{"m_AlwaysRefresh":false,"showFog":true,"showSkybox":false,"showFlares":true,"showImageEffects":true,"showParticleSystems":true,"showVisualEffectGraphs":true,"m_FxEnabled":true},"in2DMode":false,"pivot":{"x":0.04000002145767212,"y":0.9900000095367432,"z":3.7799999713897707},"rotation":{"x":-0.13508881628513337,"y":-0.6985205411911011,"z":0.13686420023441316,"w":-0.6893388628959656},"size":1.2124356031417847,"orthographic":false}