{"cameraMode":{"drawMode":0,"name":"Shaded","section":"Shading Mode"},"sceneLighting":false,"audioPlay":false,"sceneViewState":{"m_AlwaysRefresh":false,"showFog":true,"showSkybox":false,"showFlares":true,"showImageEffects":true,"showParticleSystems":true,"showVisualEffectGraphs":true,"m_FxEnabled":true},"in2DMode":false,"pivot":{"x":-0.011235281825065613,"y":-0.005369499325752258,"z":-0.027538754045963289},"rotation":{"x":-0.031100759282708169,"y":-0.5892632603645325,"z":0.0225084088742733,"w":-0.8071485757827759},"size":0.09878695011138916,"orthographic":false}